Year,Month,Area,Petrol Consumption (Liters),Vehicles Served,CO2 Emissions (g/km),Alternative Fuel Usage (%),Pollution Index
2020,January,Madhapur,136698,8906,238.51,11.05,94.91
2020,January,Gachibowli,101151,6227,260.89,17.54,81.61
2020,January,Ameerpet,136072,12901,101.77,49.9,151.52
2020,January,Begumpet,86976,16751,158.92,5.64,160.68
2020,January,Kukatpally,82792,14764,248.1,11.43,163.01
2020,January,Hitech City,58068,7235,231.71,39.48,176.89
2020,January,Mehdipatnam,125969,8175,179.82,37.54,92.05
2020,January,Banjara Hills,58605,7014,113.2,20.7,66.65
2020,January,Jubilee Hills,82955,17236,289.54,8.25,193.27
2020,January,Dilsukhnagar,124085,10647,236.35,10.08,176.31
2020,January,Secunderabad,106699,12823,195.65,11.53,156.52
2020,January,Kondapur,113671,15350,142.22,43.85,110.2
2020,January,Manikonda,67622,14165,130.47,16.98,53.3
2020,January,Miyapur,73782,6588,268.45,29.7,82.89
2020,January,LB Nagar,85596,6556,142.93,23.73,163.94
2020,January,Tarnaka,80750,15576,243.96,44.01,118.09
2020,January,Uppal,139571,10575,210.93,33.67,128.94
2020,January,Attapur,81921,11555,146.93,18.64,93.5
2020,January,Rajendranagar,134227,6228,283.36,37.43,110.22
2020,January,Shamshabad,62237,9945,264.76,37.48,90.73
2020,February,Madhapur,98688,12758,120.55,13.51,167.45
2020,February,Gachibowli,100961,8167,218.7,45.31,137.49
2020,February,Ameerpet,129623,11056,168.07,47.32,62.41
2020,February,Begumpet,91627,12818,265.34,10.85,134.75
2020,February,Kukatpally,55793,9523,214.36,45.82,191.45
2020,February,Hitech City,141218,7224,175.46,47.13,151.27
2020,February,Mehdipatnam,82441,13662,198.76,22.44,144.91
2020,February,Banjara Hills,73478,18193,127.82,16.44,181.33
2020,February,Jubilee Hills,79796,14120,155.69,10.83,151.42
2020,February,Dilsukhnagar,104040,14821,153.79,26.39,145.15
2020,February,Secunderabad,116852,16049,120.96,27.44,107.77
2020,February,Kondapur,75599,10672,195.19,9.99,145.16
2020,February,Manikonda,55355,9968,110.47,39.54,112.48
2020,February,Miyapur,74972,18411,270.07,14.54,148.6
2020,February,LB Nagar,145690,8893,276.03,14.71,151.67
2020,February,Tarnaka,133692,13353,178.95,46.89,68.86
2020,February,Uppal,73554,18339,294.92,7.35,152.33
2020,February,Attapur,112261,6461,215.84,8.84,56.45
2020,February,Rajendranagar,123016,15288,122.3,28.21,90.14
2020,February,Shamshabad,52100,16849,102.94,22.06,100.6
2020,March,Madhapur,92965,13016,124.87,23.61,123.93
2020,March,Gachibowli,101813,7064,281.21,17.0,158.73
2020,March,Ameerpet,146664,13931,108.33,22.89,164.35
2020,March,Begumpet,69611,16023,254.58,28.46,196.4
2020,March,Kukatpally,53866,16956,115.28,22.22,105.16
2020,March,Hitech City,80116,16654,103.51,18.2,165.97
2020,March,Mehdipatnam,119561,7566,169.62,21.73,50.2
2020,March,Banjara Hills,105668,9579,209.68,44.57,151.34
2020,March,Jubilee Hills,54426,11919,256.64,40.12,118.7
2020,March,Dilsukhnagar,112522,13835,279.89,36.96,190.61
2020,March,Secunderabad,137265,19747,194.68,7.69,150.75
2020,March,Kondapur,71607,13584,147.83,28.88,147.64
2020,March,Manikonda,111215,11683,255.39,14.22,158.84
2020,March,Miyapur,110614,15601,279.22,43.12,97.27
2020,March,LB Nagar,147618,11410,296.33,28.73,185.96
2020,March,Tarnaka,57006,8483,228.56,41.44,192.11
2020,March,Uppal,82983,12605,194.0,45.06,156.16
2020,March,Attapur,86081,16033,129.46,5.35,144.64
2020,March,Rajendranagar,97562,7295,126.85,48.11,129.45
2020,March,Shamshabad,97118,7783,200.12,35.58,61.44
2020,April,Madhapur,114805,16837,261.39,25.68,131.99
2020,April,Gachibowli,117468,16486,108.78,12.46,116.83
2020,April,Ameerpet,127227,5492,110.0,42.96,197.18
2020,April,Begumpet,142492,19385,270.76,15.89,194.09
2020,April,Kukatpally,62867,15082,199.65,23.3,192.95
2020,April,Hitech City,126221,12160,143.82,25.65,187.91
2020,April,Mehdipatnam,88870,19646,142.79,5.59,52.13
2020,April,Banjara Hills,116155,5882,246.42,20.98,154.75
2020,April,Jubilee Hills,64122,13436,290.58,48.52,108.92
2020,April,Dilsukhnagar,68793,13199,254.62,18.95,84.81
2020,April,Secunderabad,106746,10158,256.27,48.21,164.54
2020,April,Kondapur,105388,13277,220.61,42.59,167.66
2020,April,Manikonda,58155,8583,210.4,41.21,56.91
2020,April,Miyapur,68601,19075,135.58,28.16,171.24
2020,April,LB Nagar,77413,15852,149.16,23.12,184.2
2020,April,Tarnaka,116732,17297,280.28,11.92,198.51
2020,April,Uppal,105841,18810,198.94,28.07,122.23
2020,April,Attapur,78482,14171,118.14,6.47,58.66
2020,April,Rajendranagar,70058,8929,171.42,40.44,87.65
2020,April,Shamshabad,125731,5692,171.72,34.55,86.06
2020,May,Madhapur,65417,13345,283.65,9.58,125.89
2020,May,Gachibowli,59256,9200,145.74,48.03,72.23
2020,May,Ameerpet,114503,6772,144.98,24.41,157.87
2020,May,Begumpet,52871,18234,185.5,19.69,175.95
2020,May,Kukatpally,116668,5699,186.02,45.67,176.88
2020,May,Hitech City,57812,17692,252.62,42.04,183.33
2020,May,Mehdipatnam,97857,15867,140.89,16.49,94.35
2020,May,Banjara Hills,144319,5614,106.56,33.62,104.65
2020,May,Jubilee Hills,113353,5270,275.9,25.7,64.26
2020,May,Dilsukhnagar,95095,19270,166.44,36.21,165.67
2020,May,Secunderabad,127801,8075,130.32,44.41,130.86
2020,May,Kondapur,57415,11771,185.05,6.69,69.18
2020,May,Manikonda,107149,9776,100.0,23.75,128.38
2020,May,Miyapur,84148,17088,294.62,15.18,95.63
2020,May,LB Nagar,127116,9307,146.08,5.07,159.4
2020,May,Tarnaka,127787,18131,144.86,34.84,161.28
2020,May,Uppal,76564,11028,184.53,18.63,98.79
2020,May,Attapur,73064,14327,263.36,13.17,105.64
2020,May,Rajendranagar,57214,19197,181.15,14.92,164.37
2020,May,Shamshabad,140421,7708,129.92,22.13,112.17
2020,June,Madhapur,114425,8273,104.13,17.11,127.64
2020,June,Gachibowli,124704,8722,225.69,26.68,104.26
2020,June,Ameerpet,137599,11579,226.43,10.85,134.01
2020,June,Begumpet,52800,19144,241.7,12.74,195.86
2020,June,Kukatpally,145102,18399,131.81,13.11,64.74
2020,June,Hitech City,139285,8072,124.41,10.63,177.57
2020,June,Mehdipatnam,69873,18050,110.38,11.4,82.01
2020,June,Banjara Hills,116899,14523,131.47,10.35,164.71
2020,June,Jubilee Hills,68287,5174,187.06,29.72,96.8
2020,June,Dilsukhnagar,125225,17046,201.33,22.43,185.99
2020,June,Secunderabad,91328,9946,256.43,10.6,169.63
2020,June,Kondapur,76400,6293,268.66,9.39,133.85
2020,June,Manikonda,134892,8922,241.24,29.04,131.11
2020,June,Miyapur,68624,6476,243.69,43.82,76.89
2020,June,LB Nagar,117391,13125,210.54,22.84,69.76
2020,June,Tarnaka,51481,12256,131.45,18.94,93.51
2020,June,Uppal,114887,8093,234.54,40.85,87.57
2020,June,Attapur,61889,12951,296.38,33.26,87.13
2020,June,Rajendranagar,66199,12291,137.38,5.89,108.6
2020,June,Shamshabad,142036,5139,224.26,20.03,159.9
2020,July,Madhapur,122525,12236,113.67,40.27,92.86
2020,July,Gachibowli,131938,9821,166.49,7.55,106.09
2020,July,Ameerpet,140563,11432,228.35,35.22,144.84
2020,July,Begumpet,125277,11358,183.67,38.79,65.21
2020,July,Kukatpally,139116,10911,155.26,24.44,197.06
2020,July,Hitech City,104845,10788,295.42,9.64,132.17
2020,July,Mehdipatnam,112875,14533,211.1,13.54,137.33
2020,July,Banjara Hills,64256,8802,203.94,8.33,140.82
2020,July,Jubilee Hills,72625,19114,153.71,17.94,148.51
2020,July,Dilsukhnagar,54117,13345,220.73,8.46,61.34
2020,July,Secunderabad,80949,11163,159.46,9.14,139.86
2020,July,Kondapur,144803,8554,229.7,17.03,52.27
2020,July,Manikonda,131730,18445,150.18,35.42,155.99
2020,July,Miyapur,144767,18032,205.15,16.23,50.3
2020,July,LB Nagar,90387,14280,123.41,25.21,141.84
2020,July,Tarnaka,98442,9757,287.81,5.3,165.85
2020,July,Uppal,143027,13801,174.71,7.27,144.12
2020,July,Attapur,92051,18318,150.62,25.26,193.64
2020,July,Rajendranagar,127219,16336,267.96,13.48,150.87
2020,July,Shamshabad,123903,10285,120.38,5.37,115.04
2020,August,Madhapur,69874,6779,249.68,46.15,115.1
2020,August,Gachibowli,110686,17931,186.88,37.56,51.36
2020,August,Ameerpet,79943,5859,222.66,33.7,86.3
2020,August,Begumpet,60451,18804,118.28,13.97,181.62
2020,August,Kukatpally,112943,18747,102.75,16.18,82.16
2020,August,Hitech City,55039,9897,112.51,25.65,159.91
2020,August,Mehdipatnam,100489,6184,234.57,8.65,192.72
2020,August,Banjara Hills,141785,6361,261.02,42.03,189.91
2020,August,Jubilee Hills,64924,19839,140.06,32.76,161.43
2020,August,Dilsukhnagar,60103,5602,204.29,8.08,105.67
2020,August,Secunderabad,139160,15748,216.89,29.22,90.33
2020,August,Kondapur,93803,7912,279.07,34.99,168.11
2020,August,Manikonda,70025,9458,227.59,42.51,124.91
2020,August,Miyapur,143809,10738,287.26,7.88,173.71
2020,August,LB Nagar,60751,18450,219.77,14.05,138.53
2020,August,Tarnaka,91094,8644,193.91,6.27,81.5
2020,August,Uppal,57296,14014,242.59,5.52,111.32
2020,August,Attapur,117173,18652,132.09,8.17,77.85
2020,August,Rajendranagar,68452,5241,276.34,41.64,152.77
2020,August,Shamshabad,132722,10059,157.84,18.94,87.49
2020,September,Madhapur,142471,9841,207.11,21.06,103.07
2020,September,Gachibowli,64387,8927,257.86,18.85,187.07
2020,September,Ameerpet,98516,14763,226.44,21.81,90.72
2020,September,Begumpet,61087,19432,163.72,45.66,61.65
2020,September,Kukatpally,109500,7594,169.78,28.47,169.17
2020,September,Hitech City,82854,15704,168.96,25.78,112.18
2020,September,Mehdipatnam,77518,7773,159.19,25.66,111.66
2020,September,Banjara Hills,73199,16821,176.96,27.02,114.44
2020,September,Jubilee Hills,86455,5596,243.75,37.96,127.24
2020,September,Dilsukhnagar,120293,18045,116.71,5.86,74.86
2020,September,Secunderabad,122617,13690,148.31,20.94,65.8
2020,September,Kondapur,93939,17961,203.84,32.35,86.8
2020,September,Manikonda,119166,5146,167.13,38.72,135.79
2020,September,Miyapur,93370,10628,182.95,38.92,180.72
2020,September,LB Nagar,130201,19247,240.43,12.73,125.02
2020,September,Tarnaka,55618,9236,274.11,33.41,129.88
2020,September,Uppal,82972,15799,221.13,10.27,100.58
2020,September,Attapur,134607,9951,238.41,14.28,108.78
2020,September,Rajendranagar,111744,10126,254.6,47.81,166.47
2020,September,Shamshabad,86413,17816,271.46,35.3,111.22
2020,October,Madhapur,86468,19314,237.73,16.4,51.5
2020,October,Gachibowli,92056,7679,250.53,25.93,181.13
2020,October,Ameerpet,77048,15738,125.48,17.85,129.74
2020,October,Begumpet,61676,9434,264.12,23.21,122.65
2020,October,Kukatpally,54234,8764,181.95,34.15,52.33
2020,October,Hitech City,101759,13385,113.39,44.48,108.41
2020,October,Mehdipatnam,105480,10991,293.61,8.0,147.25
2020,October,Banjara Hills,87548,9177,175.09,41.17,115.02
2020,October,Jubilee Hills,137999,17508,211.81,19.45,83.02
2020,October,Dilsukhnagar,123933,10951,221.68,36.8,106.17
2020,October,Secunderabad,74123,11003,109.06,20.75,189.39
2020,October,Kondapur,114925,8306,266.27,42.9,105.99
2020,October,Manikonda,50670,12291,119.07,9.67,57.3
2020,October,Miyapur,142067,10255,185.21,29.66,128.16
2020,October,LB Nagar,109197,7854,235.49,39.13,52.19
2020,October,Tarnaka,139791,13235,248.45,12.64,79.25
2020,October,Uppal,84693,7972,131.74,16.62,140.81
2020,October,Attapur,131471,18145,277.83,31.05,144.86
2020,October,Rajendranagar,106233,7891,194.78,37.24,90.64
2020,October,Shamshabad,110935,5615,162.77,15.87,82.24
2020,November,Madhapur,117165,15973,281.57,27.82,78.19
2020,November,Gachibowli,77216,8801,239.23,22.23,173.27
2020,November,Ameerpet,57485,18680,154.39,36.16,89.61
2020,November,Begumpet,101877,17226,227.27,19.6,90.43
2020,November,Kukatpally,87019,17180,238.93,14.84,139.3
2020,November,Hitech City,123493,18897,232.39,41.67,166.7
2020,November,Mehdipatnam,125542,16126,137.54,8.98,154.84
2020,November,Banjara Hills,50203,5160,186.47,6.4,88.94
2020,November,Jubilee Hills,116629,9500,277.69,42.09,144.51
2020,November,Dilsukhnagar,83457,8759,164.61,45.41,183.22
2020,November,Secunderabad,66103,13092,187.28,35.0,64.15
2020,November,Kondapur,131159,7378,262.54,36.81,195.09
2020,November,Manikonda,146282,16539,280.62,47.01,170.2
2020,November,Miyapur,64908,15697,101.14,25.96,135.67
2020,November,LB Nagar,110815,11396,163.62,48.25,183.76
2020,November,Tarnaka,120130,14141,213.24,19.08,148.15
2020,November,Uppal,82933,16678,252.87,33.07,164.35
2020,November,Attapur,115206,19542,202.33,5.24,190.76
2020,November,Rajendranagar,136724,16388,217.39,31.14,198.6
2020,November,Shamshabad,120014,13210,188.46,36.83,108.38
2020,December,Madhapur,134178,16094,285.64,46.81,101.29
2020,December,Gachibowli,118798,6338,193.86,24.94,124.12
2020,December,Ameerpet,145989,10232,192.23,47.3,125.6
2020,December,Begumpet,103535,17170,266.57,21.31,179.55
2020,December,Kukatpally,122567,19806,285.01,33.42,58.16
2020,December,Hitech City,50570,7904,229.73,17.39,73.43
2020,December,Mehdipatnam,114575,11982,219.86,13.07,155.77
2020,December,Banjara Hills,59941,17017,233.55,42.68,75.46
2020,December,Jubilee Hills,94435,9529,255.82,32.44,154.95
2020,December,Dilsukhnagar,136795,6319,260.56,48.24,130.39
2020,December,Secunderabad,53255,13281,180.38,11.92,135.89
2020,December,Kondapur,69173,19145,284.26,31.24,138.93
2020,December,Manikonda,72439,8882,110.4,6.43,113.5
2020,December,Miyapur,55021,9735,223.26,16.08,153.6
2020,December,LB Nagar,72250,7566,200.32,48.93,152.52
2020,December,Tarnaka,109546,18492,260.01,44.81,68.78
2020,December,Uppal,144386,7259,143.25,36.1,140.46
2020,December,Attapur,65160,12431,288.15,39.92,69.19
2020,December,Rajendranagar,64715,18620,295.07,41.76,177.88
2020,December,Shamshabad,82093,14116,117.02,22.35,60.66
2021,January,Madhapur,85179,7617,145.87,26.11,90.28
2021,January,Gachibowli,147183,17851,187.69,28.84,197.8
2021,January,Ameerpet,76616,19119,122.89,5.39,73.34
2021,January,Begumpet,140221,5191,159.88,15.46,69.45
2021,January,Kukatpally,65408,12587,234.8,7.82,81.58
2021,January,Hitech City,61349,16779,129.38,20.42,179.7
2021,January,Mehdipatnam,127694,16905,265.86,36.8,142.58
2021,January,Banjara Hills,73741,15692,195.7,40.13,95.54
2021,January,Jubilee Hills,109287,12522,100.63,12.84,181.31
2021,January,Dilsukhnagar,69520,8318,296.85,22.81,157.28
2021,January,Secunderabad,91185,5776,138.15,20.62,132.09
2021,January,Kondapur,104219,18223,232.84,13.97,56.74
2021,January,Manikonda,108870,9774,212.51,39.43,191.06
2021,January,Miyapur,114729,16994,204.55,26.19,148.41
2021,January,LB Nagar,86683,8109,267.65,21.26,178.97
2021,January,Tarnaka,73569,16151,165.65,25.43,164.37
2021,January,Uppal,85303,6932,277.98,41.8,126.52
2021,January,Attapur,63900,18304,202.58,44.13,110.42
2021,January,Rajendranagar,138059,6574,286.46,38.37,91.91
2021,January,Shamshabad,53262,6445,270.94,12.44,178.14
2021,February,Madhapur,100818,18548,181.31,45.64,140.58
2021,February,Gachibowli,113909,11855,211.75,21.7,167.85
2021,February,Ameerpet,141679,16874,287.78,45.23,100.62
2021,February,Begumpet,59018,10918,214.64,20.19,198.28
2021,February,Kukatpally,113400,15526,143.64,44.33,87.45
2021,February,Hitech City,61669,11531,100.13,44.18,168.89
2021,February,Mehdipatnam,91235,7547,250.05,11.84,118.75
2021,February,Banjara Hills,149214,6996,118.76,26.88,188.11
2021,February,Jubilee Hills,136124,12446,158.29,14.34,85.72
2021,February,Dilsukhnagar,126474,9876,193.61,25.98,164.09
2021,February,Secunderabad,102495,5886,197.45,24.35,139.54
2021,February,Kondapur,116406,17300,253.89,22.9,174.13
2021,February,Manikonda,145402,19292,252.58,7.05,146.99
2021,February,Miyapur,122307,5142,282.12,27.94,125.19
2021,February,LB Nagar,97574,15623,106.98,29.8,115.73
2021,February,Tarnaka,84485,18678,132.14,6.12,117.36
2021,February,Uppal,141400,8871,109.92,37.61,66.74
2021,February,Attapur,104200,16143,156.21,12.81,106.96
2021,February,Rajendranagar,102265,14074,250.15,10.65,165.92
2021,February,Shamshabad,125476,8924,267.01,46.73,104.88
2021,March,Madhapur,140020,13684,265.37,28.61,166.29
2021,March,Gachibowli,136242,18682,169.02,6.35,194.22
2021,March,Ameerpet,141198,17391,286.64,16.95,141.72
2021,March,Begumpet,61410,19519,163.51,43.16,192.07
2021,March,Kukatpally,106563,16989,155.49,17.67,194.5
2021,March,Hitech City,50307,12737,243.21,36.78,143.4
2021,March,Mehdipatnam,121762,10305,155.63,11.4,96.97
2021,March,Banjara Hills,120427,9992,117.8,49.63,131.15
2021,March,Jubilee Hills,105755,18255,287.8,25.38,79.77
2021,March,Dilsukhnagar,111576,17654,132.56,31.78,72.57
2021,March,Secunderabad,126524,13728,282.65,13.52,50.75
2021,March,Kondapur,81349,16241,280.95,34.14,90.96
2021,March,Manikonda,81954,13002,158.85,10.17,191.23
2021,March,Miyapur,99422,6186,142.49,34.86,111.68
2021,March,LB Nagar,56305,7398,171.35,39.09,94.26
2021,March,Tarnaka,117766,11511,154.33,13.58,77.69
2021,March,Uppal,73929,17436,185.99,42.39,67.98
2021,March,Attapur,56589,7044,206.29,17.96,123.92
2021,March,Rajendranagar,115785,7925,219.22,24.52,74.66
2021,March,Shamshabad,75464,16129,209.34,45.61,101.59
2021,April,Madhapur,91430,6987,216.28,9.76,180.95
2021,April,Gachibowli,95927,14878,239.94,23.49,134.09
2021,April,Ameerpet,57347,6008,116.55,16.43,167.0
2021,April,Begumpet,105161,16500,115.13,21.27,63.83
2021,April,Kukatpally,70316,16460,113.45,31.77,160.83
2021,April,Hitech City,64011,7866,231.74,28.95,65.49
2021,April,Mehdipatnam,84393,15956,213.59,18.34,190.75
2021,April,Banjara Hills,112901,13923,296.71,16.69,195.46
2021,April,Jubilee Hills,138020,6719,169.5,7.27,57.91
2021,April,Dilsukhnagar,104710,13469,145.3,32.63,87.93
2021,April,Secunderabad,98617,11837,279.55,38.53,61.47
2021,April,Kondapur,93618,7028,258.79,12.12,57.77
2021,April,Manikonda,109993,18964,116.94,26.0,122.32
2021,April,Miyapur,111602,11509,136.53,11.28,136.47
2021,April,LB Nagar,102732,12962,256.3,17.41,80.64
2021,April,Tarnaka,59275,17293,235.84,8.45,113.11
2021,April,Uppal,72553,12982,195.12,23.35,74.18
2021,April,Attapur,80143,18041,294.23,30.3,157.21
2021,April,Rajendranagar,110294,19719,147.83,28.05,166.04
2021,April,Shamshabad,65086,6003,238.67,34.17,84.72
2021,May,Madhapur,125426,13095,288.04,7.11,97.95
2021,May,Gachibowli,72908,17432,279.85,48.3,116.62
2021,May,Ameerpet,111381,14343,231.63,8.15,109.29
2021,May,Begumpet,119443,5807,131.36,42.23,56.29
2021,May,Kukatpally,141419,7284,242.02,9.31,97.65
2021,May,Hitech City,119390,17458,152.47,19.09,175.47
2021,May,Mehdipatnam,105878,8575,192.92,22.08,97.49
2021,May,Banjara Hills,103218,7845,250.48,28.91,151.62
2021,May,Jubilee Hills,142892,5422,246.3,42.1,71.97
2021,May,Dilsukhnagar,107796,15589,208.06,43.01,114.7
2021,May,Secunderabad,102227,8164,283.01,16.3,176.63
2021,May,Kondapur,100599,11009,202.82,18.88,135.96
2021,May,Manikonda,118207,11519,107.85,17.24,50.96
2021,May,Miyapur,145632,12263,293.15,22.78,159.26
2021,May,LB Nagar,99028,15655,234.22,41.24,192.01
2021,May,Tarnaka,70435,7197,256.66,16.97,198.55
2021,May,Uppal,104786,18704,220.71,34.68,153.21
2021,May,Attapur,130122,14032,136.24,33.02,83.4
2021,May,Rajendranagar,85699,18567,283.39,39.93,69.58
2021,May,Shamshabad,139335,7415,188.45,40.87,158.63
2021,June,Madhapur,78141,18625,168.11,41.22,57.86
2021,June,Gachibowli,127154,13307,167.12,8.46,85.25
2021,June,Ameerpet,100772,11548,289.65,18.71,89.68
2021,June,Begumpet,118477,10695,155.54,6.62,189.04
2021,June,Kukatpally,110410,10450,184.0,5.44,178.69
2021,June,Hitech City,123914,6881,289.35,40.17,97.06
2021,June,Mehdipatnam,91198,11447,239.54,21.39,134.93
2021,June,Banjara Hills,55877,11785,112.38,29.09,134.91
2021,June,Jubilee Hills,129943,6902,202.64,13.75,63.98
2021,June,Dilsukhnagar,66524,6789,132.67,14.98,97.63
2021,June,Secunderabad,133747,16220,117.52,9.05,78.99
2021,June,Kondapur,144837,15076,225.29,17.93,91.96
2021,June,Manikonda,116630,11124,274.13,39.16,159.13
2021,June,Miyapur,119518,17515,238.76,29.87,82.44
2021,June,LB Nagar,53092,9159,159.28,45.99,132.11
2021,June,Tarnaka,130152,9933,169.31,23.35,68.83
2021,June,Uppal,89876,14141,106.93,22.64,154.57
2021,June,Attapur,114140,16690,228.3,16.69,182.91
2021,June,Rajendranagar,145598,5931,124.42,10.0,147.22
2021,June,Shamshabad,138302,8406,265.21,35.29,173.65
2021,July,Madhapur,133793,16780,131.26,38.21,104.07
2021,July,Gachibowli,76553,6859,154.13,8.66,198.89
2021,July,Ameerpet,103865,18918,297.68,48.98,169.07
2021,July,Begumpet,127986,15680,201.42,33.71,197.78
2021,July,Kukatpally,50287,10953,186.87,25.09,142.82
2021,July,Hitech City,140071,10983,270.11,14.07,190.16
2021,July,Mehdipatnam,53178,7176,125.83,9.48,140.48
2021,July,Banjara Hills,94910,13497,150.72,26.19,123.83
2021,July,Jubilee Hills,57135,5320,230.42,40.14,168.72
2021,July,Dilsukhnagar,145849,14323,112.2,17.95,63.99
2021,July,Secunderabad,123034,11636,127.02,11.83,183.44
2021,July,Kondapur,134149,8009,253.17,5.24,50.2
2021,July,Manikonda,129443,12845,128.68,5.83,119.61
2021,July,Miyapur,83065,18095,164.76,34.75,147.84
2021,July,LB Nagar,101502,17708,230.09,14.56,68.3
2021,July,Tarnaka,109754,18594,246.83,20.36,121.78
2021,July,Uppal,55543,12240,193.07,5.62,62.24
2021,July,Attapur,119345,10807,105.57,33.41,113.96
2021,July,Rajendranagar,131531,16671,198.52,33.5,170.83
2021,July,Shamshabad,57452,13718,278.08,30.96,134.59
2021,August,Madhapur,66663,16156,113.88,9.04,140.14
2021,August,Gachibowli,119517,9769,283.45,23.3,71.49
2021,August,Ameerpet,129267,12189,205.09,36.4,185.04
2021,August,Begumpet,118312,14311,235.27,35.58,191.89
2021,August,Kukatpally,123922,5662,100.22,17.24,82.68
2021,August,Hitech City,126436,16367,125.55,24.91,56.37
2021,August,Mehdipatnam,108255,18648,233.01,30.05,101.41
2021,August,Banjara Hills,131422,10675,284.85,25.73,124.85
2021,August,Jubilee Hills,93116,8866,180.41,37.8,166.97
2021,August,Dilsukhnagar,50864,6268,242.43,21.05,88.17
2021,August,Secunderabad,131845,7237,208.06,43.3,193.64
2021,August,Kondapur,93298,18956,202.89,8.83,132.33
2021,August,Manikonda,70245,6985,221.43,22.49,86.04
2021,August,Miyapur,75216,19166,116.21,42.34,196.52
2021,August,LB Nagar,54042,19389,274.72,49.8,137.41
2021,August,Tarnaka,68624,8966,165.39,18.76,110.41
2021,August,Uppal,144108,14043,236.44,19.19,69.98
2021,August,Attapur,97234,19523,125.67,31.03,154.01
2021,August,Rajendranagar,133564,17563,250.69,44.28,124.99
2021,August,Shamshabad,57130,11828,256.07,35.32,165.12
2021,September,Madhapur,67883,15291,198.41,40.84,84.88
2021,September,Gachibowli,135959,7035,210.21,28.56,92.34
2021,September,Ameerpet,94950,5298,155.57,39.72,147.79
2021,September,Begumpet,134719,18862,295.09,26.34,60.0
2021,September,Kukatpally,126441,18353,264.01,6.87,124.72
2021,September,Hitech City,92431,7949,150.46,18.85,142.05
2021,September,Mehdipatnam,121232,18543,208.95,11.11,184.05
2021,September,Banjara Hills,148566,9362,281.55,49.85,155.06
2021,September,Jubilee Hills,51893,19189,167.46,47.37,129.46
2021,September,Dilsukhnagar,83367,9815,111.38,39.49,155.32
2021,September,Secunderabad,148232,15355,235.13,22.82,163.44
2021,September,Kondapur,140477,18945,182.46,47.06,87.63
2021,September,Manikonda,135489,12707,215.95,20.55,172.37
2021,September,Miyapur,147820,18778,115.34,12.47,59.17
2021,September,LB Nagar,70827,5272,121.27,10.14,191.16
2021,September,Tarnaka,71164,19414,190.42,49.36,50.03
2021,September,Uppal,145790,11719,191.49,22.86,118.31
2021,September,Attapur,105512,12657,246.1,11.09,79.65
2021,September,Rajendranagar,79001,17937,152.49,28.64,66.68
2021,September,Shamshabad,72490,18107,159.47,12.31,151.34
2021,October,Madhapur,51539,14104,223.99,36.42,82.24
2021,October,Gachibowli,60310,19813,172.73,9.44,67.47
2021,October,Ameerpet,132839,17242,159.09,28.85,151.76
2021,October,Begumpet,111816,10275,159.27,11.46,72.72
2021,October,Kukatpally,57354,16294,219.14,8.63,190.94
2021,October,Hitech City,78633,13111,217.32,42.28,62.03
2021,October,Mehdipatnam,57370,10185,226.02,42.29,167.52
2021,October,Banjara Hills,50692,17542,288.18,10.6,181.27
2021,October,Jubilee Hills,55209,17012,178.83,32.15,170.25
2021,October,Dilsukhnagar,74594,14316,184.53,49.8,51.57
2021,October,Secunderabad,115449,7080,129.83,40.37,142.69
2021,October,Kondapur,135414,5904,274.77,5.58,84.0
2021,October,Manikonda,84493,16380,187.97,33.98,107.14
2021,October,Miyapur,140385,7306,137.86,25.67,162.82
2021,October,LB Nagar,141321,19699,109.67,41.92,173.95
2021,October,Tarnaka,128545,16459,170.62,40.99,133.2
2021,October,Uppal,69627,17670,226.29,40.3,139.78
2021,October,Attapur,125318,10882,291.59,29.35,140.76
2021,October,Rajendranagar,128002,14846,195.67,5.95,172.94
2021,October,Shamshabad,134694,19532,252.74,28.55,84.02
2021,November,Madhapur,127606,14081,116.02,24.88,74.51
2021,November,Gachibowli,96418,18065,140.46,22.4,57.67
2021,November,Ameerpet,86133,5588,290.48,44.76,90.59
2021,November,Begumpet,93129,13531,194.89,5.33,53.87
2021,November,Kukatpally,79831,13022,204.09,49.76,80.28
2021,November,Hitech City,122013,12500,122.71,46.29,166.67
2021,November,Mehdipatnam,103473,8496,280.55,28.62,117.68
2021,November,Banjara Hills,85081,14706,217.84,25.44,117.73
2021,November,Jubilee Hills,83073,19347,296.81,40.84,163.51
2021,November,Dilsukhnagar,119453,12080,133.21,7.66,153.61
2021,November,Secunderabad,76026,16288,128.51,22.2,133.21
2021,November,Kondapur,77281,16707,133.97,7.49,99.67
2021,November,Manikonda,96751,9206,182.74,34.38,136.94
2021,November,Miyapur,57235,5813,297.71,6.86,195.17
2021,November,LB Nagar,129823,10911,163.07,22.69,85.54
2021,November,Tarnaka,98664,17435,135.81,40.89,151.63
2021,November,Uppal,147649,9270,284.49,8.27,92.09
2021,November,Attapur,119322,10266,298.5,15.83,181.15
2021,November,Rajendranagar,130428,14643,197.97,33.38,160.95
2021,November,Shamshabad,56869,16926,103.34,13.76,171.57
2021,December,Madhapur,78379,10979,246.31,21.75,128.28
2021,December,Gachibowli,95747,15492,136.25,48.07,183.52
2021,December,Ameerpet,148430,10602,191.93,35.41,142.79
2021,December,Begumpet,91979,11453,111.84,33.48,165.34
2021,December,Kukatpally,58876,16821,102.22,37.86,135.77
2021,December,Hitech City,52841,14959,125.51,23.41,103.16
2021,December,Mehdipatnam,67010,17351,246.18,36.53,138.35
2021,December,Banjara Hills,72092,5490,169.97,15.97,148.39
2021,December,Jubilee Hills,146870,10014,163.0,15.11,60.37
2021,December,Dilsukhnagar,112766,17967,150.91,26.29,56.5
2021,December,Secunderabad,79320,9340,213.48,40.83,160.25
2021,December,Kondapur,52159,18900,188.11,19.28,186.79
2021,December,Manikonda,117163,16664,238.8,13.22,97.86
2021,December,Miyapur,124024,7181,281.6,15.92,63.7
2021,December,LB Nagar,133597,7881,288.29,12.85,120.75
2021,December,Tarnaka,143847,10650,225.14,29.77,111.1
2021,December,Uppal,113212,6058,279.31,13.83,53.38
2021,December,Attapur,54603,16389,215.42,45.08,139.54
2021,December,Rajendranagar,96994,19230,185.93,38.74,186.96
2021,December,Shamshabad,92624,12209,136.16,17.1,79.8
2022,January,Madhapur,51462,10521,161.28,29.98,138.2
2022,January,Gachibowli,121289,12237,223.08,8.67,63.17
2022,January,Ameerpet,116537,6033,203.62,14.63,92.49
2022,January,Begumpet,109123,9476,262.37,5.62,147.41
2022,January,Kukatpally,147800,15860,259.73,46.97,53.02
2022,January,Hitech City,74162,11008,277.23,25.63,134.69
2022,January,Mehdipatnam,59873,5622,235.81,46.93,199.54
2022,January,Banjara Hills,65689,16452,157.44,44.59,57.38
2022,January,Jubilee Hills,57533,9616,127.53,5.04,185.48
2022,January,Dilsukhnagar,139385,14379,200.01,35.37,85.86
2022,January,Secunderabad,111431,13264,252.0,19.07,111.6
2022,January,Kondapur,67174,14830,295.31,34.05,190.18
2022,January,Manikonda,94237,5178,277.26,11.81,72.78
2022,January,Miyapur,75363,7795,110.89,13.21,194.78
2022,January,LB Nagar,145865,16110,226.4,37.68,105.04
2022,January,Tarnaka,94130,17881,141.32,19.1,145.41
2022,January,Uppal,141962,12099,153.83,13.94,167.51
2022,January,Attapur,101415,8432,174.05,38.81,184.55
2022,January,Rajendranagar,64605,12088,231.54,33.87,53.84
2022,January,Shamshabad,76928,6167,197.23,9.91,87.28
2022,February,Madhapur,125483,11738,275.1,18.61,178.8
2022,February,Gachibowli,147434,15785,154.74,46.03,64.63
2022,February,Ameerpet,113772,8197,166.32,27.53,146.86
2022,February,Begumpet,98665,16646,123.99,19.04,170.36
2022,February,Kukatpally,104460,11221,189.08,8.79,152.4
2022,February,Hitech City,54922,18639,274.25,18.02,167.48
2022,February,Mehdipatnam,145558,14836,241.01,38.39,151.66
2022,February,Banjara Hills,94066,5378,227.67,18.82,178.95
2022,February,Jubilee Hills,100906,5463,269.82,22.25,75.24
2022,February,Dilsukhnagar,120474,10417,209.78,13.51,158.06
2022,February,Secunderabad,72504,10818,220.86,25.74,174.31
2022,February,Kondapur,64559,11146,241.88,9.74,175.83
2022,February,Manikonda,148750,6391,239.4,21.33,181.89
2022,February,Miyapur,97766,10969,181.56,44.89,57.08
2022,February,LB Nagar,141717,11414,272.5,15.49,154.28
2022,February,Tarnaka,136717,19894,272.7,10.95,196.64
2022,February,Uppal,125452,15143,299.09,46.02,83.23
2022,February,Attapur,91505,18757,151.13,28.74,75.74
2022,February,Rajendranagar,92065,15741,192.52,6.5,68.28
2022,February,Shamshabad,71029,7061,296.55,16.25,61.0
2022,March,Madhapur,65960,16831,206.01,26.06,111.61
2022,March,Gachibowli,64626,16748,264.05,34.19,112.85
2022,March,Ameerpet,139360,18135,151.33,38.85,126.93
2022,March,Begumpet,149809,14053,219.21,49.81,115.29
2022,March,Kukatpally,78307,19783,169.0,7.46,80.64
2022,March,Hitech City,116985,10953,100.05,46.18,176.58
2022,March,Mehdipatnam,106597,7721,133.56,10.42,60.14
2022,March,Banjara Hills,76950,12104,146.37,36.75,96.16
2022,March,Jubilee Hills,125900,8153,114.6,38.48,156.65
2022,March,Dilsukhnagar,60345,6128,249.88,46.3,66.2
2022,March,Secunderabad,54897,10718,250.05,17.35,143.7
2022,March,Kondapur,127239,18329,190.44,38.26,152.98
2022,March,Manikonda,87052,13617,275.49,39.79,150.74
2022,March,Miyapur,113261,7809,206.99,6.7,171.21
2022,March,LB Nagar,115681,18929,212.49,17.58,167.38
2022,March,Tarnaka,89405,17080,271.51,9.38,155.96
2022,March,Uppal,112894,6867,290.81,10.48,52.74
2022,March,Attapur,142691,11103,113.73,49.64,192.71
2022,March,Rajendranagar,120167,14599,113.64,13.42,133.33
2022,March,Shamshabad,91910,12995,183.48,21.96,181.39
2022,April,Madhapur,68557,16676,247.48,29.17,176.0
2022,April,Gachibowli,117695,15641,159.53,18.41,98.06
2022,April,Ameerpet,96040,6230,256.63,10.51,145.24
2022,April,Begumpet,74466,19904,114.11,45.92,78.52
2022,April,Kukatpally,145027,11996,208.93,8.5,193.32
2022,April,Hitech City,105514,19260,127.8,24.8,122.43
2022,April,Mehdipatnam,73065,7895,123.11,42.64,125.37
2022,April,Banjara Hills,82016,17152,260.6,49.14,140.89
2022,April,Jubilee Hills,117691,10966,275.68,47.86,163.18
2022,April,Dilsukhnagar,128863,13518,218.44,36.54,79.14
2022,April,Secunderabad,130356,15891,259.29,38.28,146.83
2022,April,Kondapur,99589,9846,209.41,8.94,106.6
2022,April,Manikonda,64380,16360,107.96,17.33,193.35
2022,April,Miyapur,132987,5026,170.47,6.94,76.86
2022,April,LB Nagar,75279,10338,289.56,11.35,164.53
2022,April,Tarnaka,90544,9943,296.25,22.17,166.29
2022,April,Uppal,53225,16810,225.53,13.64,71.9
2022,April,Attapur,113656,7728,283.53,44.94,143.82
2022,April,Rajendranagar,93601,8114,113.81,20.07,97.06
2022,April,Shamshabad,85333,8174,223.83,42.12,153.32
2022,May,Madhapur,105421,12099,126.45,13.85,85.62
2022,May,Gachibowli,55801,19130,228.56,32.04,154.41
2022,May,Ameerpet,110942,17861,264.8,14.18,120.36
2022,May,Begumpet,70977,6465,136.03,9.94,182.55
2022,May,Kukatpally,65630,8672,236.77,6.14,153.51
2022,May,Hitech City,50992,11858,111.15,32.44,86.12
2022,May,Mehdipatnam,54136,17716,209.1,14.32,131.6
2022,May,Banjara Hills,54823,15468,269.78,22.88,86.83
2022,May,Jubilee Hills,89895,8720,168.57,10.02,135.56
2022,May,Dilsukhnagar,141229,17455,242.94,15.81,116.57
2022,May,Secunderabad,132844,5151,116.19,44.45,159.33
2022,May,Kondapur,94755,7148,219.87,14.06,183.54
2022,May,Manikonda,82924,13926,100.77,27.59,137.47
2022,May,Miyapur,120190,11250,110.9,19.13,124.88
2022,May,LB Nagar,132916,15486,248.78,46.36,113.57
2022,May,Tarnaka,50153,12853,292.31,25.02,123.36
2022,May,Uppal,113456,16049,210.71,18.47,114.63
2022,May,Attapur,142990,13834,186.74,43.18,104.49
2022,May,Rajendranagar,137347,12011,288.2,33.04,161.24
2022,May,Shamshabad,106207,17695,269.01,22.78,57.69
2022,June,Madhapur,139353,18429,234.75,25.27,162.34
2022,June,Gachibowli,128683,16397,226.95,13.39,162.41
2022,June,Ameerpet,97914,7713,140.81,18.14,162.29
2022,June,Begumpet,132643,10694,121.23,28.91,109.37
2022,June,Kukatpally,149841,5397,261.12,18.49,194.32
2022,June,Hitech City,137968,8661,150.43,25.1,68.52
2022,June,Mehdipatnam,122603,10091,110.76,5.99,103.69
2022,June,Banjara Hills,102428,11447,210.13,11.89,159.22
2022,June,Jubilee Hills,54994,18494,246.25,39.64,196.31
2022,June,Dilsukhnagar,118367,16602,168.33,34.18,60.27
2022,June,Secunderabad,94387,5277,121.63,42.89,142.12
2022,June,Kondapur,131268,8122,138.35,30.0,137.59
2022,June,Manikonda,139242,19900,117.63,39.96,177.13
2022,June,Miyapur,99294,17479,265.54,38.29,168.35
2022,June,LB Nagar,86110,14602,139.3,14.53,56.22
2022,June,Tarnaka,116708,14080,211.95,43.61,150.04
2022,June,Uppal,58738,9726,290.62,37.37,189.52
2022,June,Attapur,50363,15358,151.78,7.38,158.91
2022,June,Rajendranagar,141074,16197,262.31,26.7,58.6
2022,June,Shamshabad,80825,10204,223.44,48.64,159.14
2022,July,Madhapur,118619,10200,244.23,13.27,99.26
2022,July,Gachibowli,114952,16134,149.76,23.36,91.95
2022,July,Ameerpet,126411,16572,245.6,41.59,88.62
2022,July,Begumpet,73331,11620,177.11,27.8,178.4
2022,July,Kukatpally,113217,12124,261.02,11.16,60.46
2022,July,Hitech City,61283,19551,177.57,17.95,158.7
2022,July,Mehdipatnam,137333,6269,272.5,19.22,177.83
2022,July,Banjara Hills,92429,13569,109.93,33.06,59.47
2022,July,Jubilee Hills,113753,13084,203.6,32.64,85.49
2022,July,Dilsukhnagar,84775,13992,185.83,8.37,65.92
2022,July,Secunderabad,89263,15187,147.96,13.77,125.74
2022,July,Kondapur,90115,19249,112.39,30.96,67.88
2022,July,Manikonda,149041,11200,110.55,42.54,67.7
2022,July,Miyapur,118159,13646,187.58,42.98,89.36
2022,July,LB Nagar,138992,7276,107.98,25.21,136.64
2022,July,Tarnaka,113221,9497,166.49,19.2,65.99
2022,July,Uppal,82427,5308,119.9,39.5,194.94
2022,July,Attapur,102409,8235,203.33,17.81,127.58
2022,July,Rajendranagar,77689,16154,237.03,18.05,80.22
2022,July,Shamshabad,96330,8381,133.95,9.3,112.87
2022,August,Madhapur,128840,6927,134.38,29.63,74.69
2022,August,Gachibowli,77829,14554,168.66,43.34,133.88
2022,August,Ameerpet,59465,8326,119.92,5.72,194.55
2022,August,Begumpet,60828,19820,220.64,8.59,152.47
2022,August,Kukatpally,95337,8159,169.17,6.58,161.93
2022,August,Hitech City,74904,15783,132.12,29.18,78.79
2022,August,Mehdipatnam,52892,10288,126.26,18.94,80.27
2022,August,Banjara Hills,105934,6798,252.08,35.44,95.14
2022,August,Jubilee Hills,98867,6876,174.6,14.41,154.37
2022,August,Dilsukhnagar,136436,8734,165.23,26.09,72.19
2022,August,Secunderabad,70698,14702,141.82,10.87,80.53
2022,August,Kondapur,128012,13446,185.1,30.44,53.15
2022,August,Manikonda,82152,19635,189.17,41.75,182.79
2022,August,Miyapur,76331,12688,207.67,46.1,108.2
2022,August,LB Nagar,77959,5098,126.74,47.09,162.71
2022,August,Tarnaka,134585,6388,235.32,21.35,190.73
2022,August,Uppal,149508,5544,143.03,33.24,188.55
2022,August,Attapur,138370,16849,106.49,15.6,96.55
2022,August,Rajendranagar,123948,8666,148.45,14.16,193.18
2022,August,Shamshabad,65198,8985,109.4,20.25,110.77
2022,September,Madhapur,53681,14635,225.77,33.82,177.58
2022,September,Gachibowli,55629,16326,230.72,17.33,138.96
2022,September,Ameerpet,106574,9524,148.51,18.13,188.65
2022,September,Begumpet,90563,16332,157.85,21.62,149.56
2022,September,Kukatpally,107104,7415,290.79,43.95,136.58
2022,September,Hitech City,90870,12257,219.56,34.91,112.9
2022,September,Mehdipatnam,124160,19394,182.15,27.71,51.1
2022,September,Banjara Hills,87335,8815,232.27,6.73,105.24
2022,September,Jubilee Hills,118143,14266,202.9,43.56,120.03
2022,September,Dilsukhnagar,89385,8151,207.23,37.28,116.53
2022,September,Secunderabad,65823,18247,158.99,26.4,163.54
2022,September,Kondapur,65728,11997,272.73,49.86,114.03
2022,September,Manikonda,75163,6334,106.08,37.71,181.1
2022,September,Miyapur,90633,17118,131.69,7.8,173.41
2022,September,LB Nagar,97631,5164,180.34,27.62,175.92
2022,September,Tarnaka,115938,13605,223.01,12.91,126.98
2022,September,Uppal,129315,13210,194.33,15.24,74.93
2022,September,Attapur,107889,19017,168.61,49.47,122.78
2022,September,Rajendranagar,144438,5452,190.05,16.46,102.78
2022,September,Shamshabad,128975,7738,204.31,10.61,194.21
2022,October,Madhapur,118685,13276,253.17,8.56,57.06
2022,October,Gachibowli,85897,8645,193.54,32.27,114.25
2022,October,Ameerpet,80270,15386,256.7,5.47,164.28
2022,October,Begumpet,99597,11364,258.4,49.4,87.63
2022,October,Kukatpally,105390,5261,281.77,40.33,123.11
2022,October,Hitech City,119711,19135,286.2,7.27,132.1
2022,October,Mehdipatnam,91115,16780,128.56,31.09,92.38
2022,October,Banjara Hills,121260,17306,180.99,49.95,58.24
2022,October,Jubilee Hills,136292,12394,116.51,11.95,115.93
2022,October,Dilsukhnagar,149301,9076,151.76,19.24,63.05
2022,October,Secunderabad,74502,18679,288.94,20.07,135.63
2022,October,Kondapur,131494,7248,101.24,41.48,192.26
2022,October,Manikonda,123606,16381,132.29,48.23,130.63
2022,October,Miyapur,75616,9378,151.53,25.25,153.94
2022,October,LB Nagar,76128,17710,273.44,48.01,85.51
2022,October,Tarnaka,121206,12715,119.4,7.51,69.38
2022,October,Uppal,57837,5203,269.0,7.66,90.75
2022,October,Attapur,101012,15153,298.06,32.51,105.65
2022,October,Rajendranagar,143898,16874,102.73,45.31,54.34
2022,October,Shamshabad,143448,19606,106.48,20.11,127.08
2022,November,Madhapur,110186,12378,167.6,36.75,78.13
2022,November,Gachibowli,129980,11784,147.2,11.46,77.81
2022,November,Ameerpet,118475,18457,268.96,8.58,156.04
2022,November,Begumpet,131914,5678,274.5,15.99,117.52
2022,November,Kukatpally,117038,6789,232.0,22.49,69.71
2022,November,Hitech City,64266,11654,216.24,37.32,68.66
2022,November,Mehdipatnam,129026,7594,210.07,28.13,153.52
2022,November,Banjara Hills,121846,8539,164.6,45.01,74.1
2022,November,Jubilee Hills,134685,14365,153.35,10.38,84.55
2022,November,Dilsukhnagar,86931,12630,177.26,20.91,97.34
2022,November,Secunderabad,146395,19953,164.15,13.65,96.42
2022,November,Kondapur,136923,13038,182.22,25.01,136.48
2022,November,Manikonda,64457,7064,148.32,35.66,157.4
2022,November,Miyapur,52042,9598,199.21,5.35,123.81
2022,November,LB Nagar,78716,17601,155.65,22.79,153.08
2022,November,Tarnaka,70805,12857,183.48,18.94,190.67
2022,November,Uppal,139941,17361,123.8,8.1,122.53
2022,November,Attapur,125020,10495,275.54,9.03,157.3
2022,November,Rajendranagar,98773,12890,182.23,36.68,82.62
2022,November,Shamshabad,93730,17564,178.18,48.94,193.2
2022,December,Madhapur,139080,18156,113.61,19.26,90.02
2022,December,Gachibowli,73147,17760,255.55,43.62,176.73
2022,December,Ameerpet,113749,10904,136.57,15.46,145.34
2022,December,Begumpet,53832,17467,145.17,12.92,179.93
2022,December,Kukatpally,52581,14582,127.41,43.8,172.41
2022,December,Hitech City,134363,13919,281.95,43.33,57.89
2022,December,Mehdipatnam,113288,15932,213.8,28.92,118.69
2022,December,Banjara Hills,53407,5639,154.93,26.35,100.07
2022,December,Jubilee Hills,125645,7886,134.83,29.61,157.17
2022,December,Dilsukhnagar,123282,16975,105.42,25.22,94.47
2022,December,Secunderabad,149397,8880,124.92,34.36,57.91
2022,December,Kondapur,64799,11539,126.66,46.75,180.16
2022,December,Manikonda,90828,8990,121.24,39.91,171.19
2022,December,Miyapur,64549,6875,122.79,33.98,175.15
2022,December,LB Nagar,143860,13240,229.28,25.63,129.31
2022,December,Tarnaka,110390,7833,227.79,8.67,115.25
2022,December,Uppal,144686,14023,209.09,11.0,153.75
2022,December,Attapur,140198,11368,120.64,31.33,123.28
2022,December,Rajendranagar,142509,6932,193.45,9.8,147.43
2022,December,Shamshabad,130052,7790,265.64,33.17,61.29
2023,January,Madhapur,53385,11636,109.86,16.59,70.35
2023,January,Gachibowli,83332,8258,177.01,47.43,141.56
2023,January,Ameerpet,105182,5223,242.07,10.06,160.39
2023,January,Begumpet,107692,17469,227.82,20.34,199.65
2023,January,Kukatpally,57170,18303,155.83,46.88,53.7
2023,January,Hitech City,63753,10322,245.07,42.64,196.17
2023,January,Mehdipatnam,118653,9161,113.06,41.98,146.95
2023,January,Banjara Hills,64016,13638,125.67,34.26,197.37
2023,January,Jubilee Hills,111720,12210,187.83,6.8,104.34
2023,January,Dilsukhnagar,70689,17413,240.3,25.67,58.27
2023,January,Secunderabad,113745,17193,193.8,46.78,146.16
2023,January,Kondapur,81819,5501,286.3,20.22,187.08
2023,January,Manikonda,149273,16652,171.06,35.71,149.33
2023,January,Miyapur,139317,7302,153.63,19.21,68.79
2023,January,LB Nagar,148426,11799,107.96,31.9,180.45
2023,January,Tarnaka,116060,14079,296.61,27.23,180.4
2023,January,Uppal,93162,8749,200.21,30.77,70.58
2023,January,Attapur,88104,19218,170.39,25.08,150.75
2023,January,Rajendranagar,91445,19868,150.85,33.4,53.75
2023,January,Shamshabad,144455,18075,202.8,32.26,144.78
2023,February,Madhapur,99756,13175,216.51,35.77,162.97
2023,February,Gachibowli,70981,12759,273.92,13.52,110.17
2023,February,Ameerpet,99990,18718,179.32,10.62,128.82
2023,February,Begumpet,120309,17446,263.9,19.7,102.44
2023,February,Kukatpally,60750,9698,154.84,6.2,160.28
2023,February,Hitech City,88826,12131,216.15,38.38,151.28
2023,February,Mehdipatnam,94678,14257,170.5,10.67,69.48
2023,February,Banjara Hills,126312,19196,223.95,8.48,126.93
2023,February,Jubilee Hills,87528,14909,165.71,32.1,98.35
2023,February,Dilsukhnagar,83332,14793,114.16,34.72,171.38
2023,February,Secunderabad,95717,5804,199.45,47.76,94.99
2023,February,Kondapur,62224,16472,186.4,6.49,193.09
2023,February,Manikonda,127928,19830,257.79,39.86,82.66
2023,February,Miyapur,96015,10611,109.62,26.76,52.2
2023,February,LB Nagar,55577,8618,295.22,15.0,81.22
2023,February,Tarnaka,146498,19261,279.02,30.83,102.62
2023,February,Uppal,142864,13014,198.68,46.02,189.2
2023,February,Attapur,113884,7441,100.46,49.28,185.92
2023,February,Rajendranagar,131110,19650,191.56,16.65,181.81
2023,February,Shamshabad,101360,10988,289.46,14.25,142.05
2023,March,Madhapur,62191,6667,209.13,35.78,78.53
2023,March,Gachibowli,100508,8072,193.81,8.2,172.75
2023,March,Ameerpet,134003,7040,214.92,28.17,126.99
2023,March,Begumpet,110740,18951,184.7,25.36,160.05
2023,March,Kukatpally,146612,19516,209.0,8.91,85.53
2023,March,Hitech City,123169,19769,124.92,21.47,84.41
2023,March,Mehdipatnam,96691,7431,110.94,5.8,65.42
2023,March,Banjara Hills,124329,6620,186.2,27.97,71.09
2023,March,Jubilee Hills,89390,11093,168.35,13.25,51.03
2023,March,Dilsukhnagar,81629,12226,237.13,15.18,69.77
2023,March,Secunderabad,130818,15195,155.0,15.06,178.56
2023,March,Kondapur,139743,10507,226.13,24.36,115.66
2023,March,Manikonda,80562,16652,252.43,47.13,191.11
2023,March,Miyapur,80544,18380,274.95,38.18,87.93
2023,March,LB Nagar,109025,19344,154.29,5.17,74.38
2023,March,Tarnaka,71400,11533,243.88,6.27,106.3
2023,March,Uppal,109473,18041,129.22,42.04,85.25
2023,March,Attapur,76498,19961,219.21,9.84,52.54
2023,March,Rajendranagar,129569,19590,135.47,5.32,170.82
2023,March,Shamshabad,107804,14078,232.57,48.45,187.37
2023,April,Madhapur,79483,12265,259.02,11.11,196.62
2023,April,Gachibowli,59247,12456,159.88,9.51,90.76
2023,April,Ameerpet,81362,9569,175.66,8.98,101.33
2023,April,Begumpet,111954,17717,202.91,36.9,185.92
2023,April,Kukatpally,85490,15550,110.87,5.83,71.54
2023,April,Hitech City,140283,11719,245.5,40.39,86.56
2023,April,Mehdipatnam,123548,6645,196.63,7.84,141.67
2023,April,Banjara Hills,53895,13874,172.16,38.88,125.01
2023,April,Jubilee Hills,68174,14669,216.45,18.49,55.16
2023,April,Dilsukhnagar,99464,11269,271.79,20.51,108.54
2023,April,Secunderabad,93723,7032,242.99,16.2,186.53
2023,April,Kondapur,52147,5615,105.76,33.97,91.57
2023,April,Manikonda,52013,8697,169.05,12.77,143.3
2023,April,Miyapur,125361,9920,291.82,13.66,157.61
2023,April,LB Nagar,59490,9868,168.68,5.86,153.47
2023,April,Tarnaka,111991,13159,217.32,25.49,127.7
2023,April,Uppal,122361,15652,184.54,37.31,116.4
2023,April,Attapur,97058,12776,146.6,41.59,138.26
2023,April,Rajendranagar,87387,10191,147.34,33.26,174.49
2023,April,Shamshabad,88169,17420,151.66,44.02,150.39
2023,May,Madhapur,137904,6770,240.23,7.51,186.76
2023,May,Gachibowli,89462,7976,196.04,26.86,134.88
2023,May,Ameerpet,84160,11789,260.16,25.3,157.8
2023,May,Begumpet,55544,6095,223.75,8.68,82.66
2023,May,Kukatpally,69641,11213,266.34,25.84,123.02
2023,May,Hitech City,125403,14314,227.42,45.44,118.48
2023,May,Mehdipatnam,145335,14137,285.99,25.64,77.24
2023,May,Banjara Hills,99402,14736,132.91,23.28,188.99
2023,May,Jubilee Hills,63362,6209,183.78,28.28,62.63
2023,May,Dilsukhnagar,126407,12610,233.28,17.84,137.87
2023,May,Secunderabad,117906,8281,293.17,12.87,147.2
2023,May,Kondapur,56794,5120,243.51,39.96,151.01
2023,May,Manikonda,133996,11865,120.09,27.91,53.7
2023,May,Miyapur,82463,8170,206.66,49.82,170.08
2023,May,LB Nagar,50028,18218,227.05,6.87,81.02
2023,May,Tarnaka,117560,13490,173.22,9.66,155.36
2023,May,Uppal,132674,13961,153.77,49.91,178.72
2023,May,Attapur,90167,12961,296.05,34.26,161.3
2023,May,Rajendranagar,131199,6460,224.51,18.9,105.31
2023,May,Shamshabad,123302,18460,262.19,23.02,192.07
2023,June,Madhapur,118607,5555,196.78,45.39,186.16
2023,June,Gachibowli,112119,7553,287.3,42.15,168.7
2023,June,Ameerpet,110663,7349,261.02,43.26,93.37
2023,June,Begumpet,136282,10188,109.97,11.75,130.64
2023,June,Kukatpally,124400,11566,229.03,5.76,194.06
2023,June,Hitech City,58222,12690,128.61,5.63,135.03
2023,June,Mehdipatnam,118322,12169,233.19,42.02,51.99
2023,June,Banjara Hills,149244,5340,191.91,27.45,60.83
2023,June,Jubilee Hills,125761,14752,200.64,39.43,122.79
2023,June,Dilsukhnagar,137362,15976,207.31,43.7,81.96
2023,June,Secunderabad,139647,5920,116.76,33.94,164.38
2023,June,Kondapur,52017,12957,153.25,6.41,67.92
2023,June,Manikonda,131787,7868,286.88,14.29,160.25
2023,June,Miyapur,85031,15161,233.85,41.68,89.1
2023,June,LB Nagar,138780,13044,100.13,48.34,187.63
2023,June,Tarnaka,98893,5727,115.82,25.14,65.28
2023,June,Uppal,138534,15929,224.63,21.02,168.34
2023,June,Attapur,124531,17272,227.84,15.61,157.05
2023,June,Rajendranagar,139367,18265,125.36,44.0,139.04
2023,June,Shamshabad,70539,12478,185.51,12.24,155.05
2023,July,Madhapur,127462,18390,201.23,41.66,190.42
2023,July,Gachibowli,77626,7233,207.14,22.74,177.23
2023,July,Ameerpet,57526,10559,194.38,27.06,177.02
2023,July,Begumpet,57910,10649,217.58,47.05,158.91
2023,July,Kukatpally,125282,15970,281.67,32.21,129.16
2023,July,Hitech City,79592,12875,295.67,39.79,65.94
2023,July,Mehdipatnam,121055,12385,134.11,25.13,81.57
2023,July,Banjara Hills,83798,14487,275.46,18.07,62.3
2023,July,Jubilee Hills,52850,17016,234.47,19.79,91.72
2023,July,Dilsukhnagar,125039,11952,199.5,17.42,159.65
2023,July,Secunderabad,149976,16867,232.81,15.69,123.39
2023,July,Kondapur,127926,18280,244.55,47.54,187.56
2023,July,Manikonda,143102,15702,192.52,41.82,152.5
2023,July,Miyapur,53782,11957,264.18,24.3,78.35
2023,July,LB Nagar,134585,14951,135.7,27.19,62.29
2023,July,Tarnaka,63335,16372,216.66,38.06,98.23
2023,July,Uppal,106947,13529,125.44,46.16,124.03
2023,July,Attapur,138290,9415,107.61,37.79,129.21
2023,July,Rajendranagar,102066,18546,299.89,41.1,168.01
2023,July,Shamshabad,142259,10085,160.01,11.81,92.7
2023,August,Madhapur,133569,8690,115.5,5.81,65.35
2023,August,Gachibowli,79059,13405,286.64,33.68,170.27
2023,August,Ameerpet,71322,7971,172.33,9.88,181.39
2023,August,Begumpet,127028,8345,133.62,28.05,123.11
2023,August,Kukatpally,124632,8554,134.98,35.27,76.01
2023,August,Hitech City,96157,12095,137.47,6.46,161.5
2023,August,Mehdipatnam,61434,14230,127.21,42.62,73.22
2023,August,Banjara Hills,106799,18105,245.98,44.99,59.25
2023,August,Jubilee Hills,142103,13712,140.94,30.49,147.43
2023,August,Dilsukhnagar,96737,12111,225.17,7.45,175.47
2023,August,Secunderabad,76849,6541,205.4,30.27,75.62
2023,August,Kondapur,50769,6422,218.7,14.46,67.45
2023,August,Manikonda,136669,11571,148.21,5.71,104.01
2023,August,Miyapur,88231,16525,151.37,9.16,65.14
2023,August,LB Nagar,76469,6313,299.97,5.1,145.8
2023,August,Tarnaka,85863,5320,284.13,9.21,193.26
2023,August,Uppal,60619,11854,180.51,46.4,147.54
2023,August,Attapur,76739,19940,285.33,26.77,97.33
2023,August,Rajendranagar,70187,7327,236.36,44.99,153.88
2023,August,Shamshabad,57642,19435,254.57,41.14,73.01
2023,September,Madhapur,69558,19398,174.67,11.81,169.77
2023,September,Gachibowli,110030,7983,138.08,21.5,65.87
2023,September,Ameerpet,59677,15292,124.27,49.37,167.1
2023,September,Begumpet,94143,11552,215.71,46.01,133.11
2023,September,Kukatpally,109758,18289,294.42,12.16,103.12
2023,September,Hitech City,124599,5834,178.14,34.96,82.33
2023,September,Mehdipatnam,59505,10993,245.84,27.51,112.27
2023,September,Banjara Hills,108408,9911,137.51,5.47,63.71
2023,September,Jubilee Hills,114280,8110,134.8,20.19,52.71
2023,September,Dilsukhnagar,51214,9419,209.98,32.88,149.52
2023,September,Secunderabad,127806,19029,143.09,10.42,177.73
2023,September,Kondapur,63777,10578,280.61,7.29,179.53
2023,September,Manikonda,73290,19247,279.9,47.34,150.63
2023,September,Miyapur,107089,18660,209.88,31.59,147.91
2023,September,LB Nagar,137908,19779,221.36,43.23,131.18
2023,September,Tarnaka,62178,8551,252.44,37.11,81.13
2023,September,Uppal,117359,11852,120.5,29.1,62.77
2023,September,Attapur,117313,6222,243.57,49.67,154.75
2023,September,Rajendranagar,57490,9859,234.41,36.6,105.76
2023,September,Shamshabad,108645,16914,240.64,5.98,144.68
2023,October,Madhapur,100477,9133,213.12,27.68,52.03
2023,October,Gachibowli,100721,17127,220.22,43.19,183.3
2023,October,Ameerpet,101507,14589,153.89,17.49,190.01
2023,October,Begumpet,83172,6721,229.54,6.32,142.72
2023,October,Kukatpally,126920,18964,209.15,21.17,62.22
2023,October,Hitech City,94553,5968,290.15,23.39,120.0
2023,October,Mehdipatnam,75496,13880,107.51,37.27,130.71
2023,October,Banjara Hills,86390,15292,148.62,38.51,75.24
2023,October,Jubilee Hills,130771,12420,157.26,16.14,146.79
2023,October,Dilsukhnagar,55534,15085,264.9,23.8,60.96
2023,October,Secunderabad,115557,6500,296.0,31.83,156.46
2023,October,Kondapur,63306,18414,203.64,6.69,135.38
2023,October,Manikonda,77197,9335,189.5,47.98,187.95
2023,October,Miyapur,80028,17726,141.81,43.18,185.9
2023,October,LB Nagar,56273,11284,225.88,16.56,170.12
2023,October,Tarnaka,100830,13414,200.7,7.7,187.39
2023,October,Uppal,64692,6736,138.54,32.29,151.62
2023,October,Attapur,108008,6356,243.62,31.17,192.17
2023,October,Rajendranagar,121545,9458,121.25,12.82,153.53
2023,October,Shamshabad,107442,19382,191.92,33.28,133.59
2023,November,Madhapur,141244,14894,155.95,30.42,63.22
2023,November,Gachibowli,67459,7650,226.75,11.32,116.44
2023,November,Ameerpet,77885,10501,269.81,24.96,187.81
2023,November,Begumpet,73932,9976,209.76,40.83,137.46
2023,November,Kukatpally,105823,10264,232.07,28.52,53.54
2023,November,Hitech City,76149,7908,288.14,7.15,102.83
2023,November,Mehdipatnam,69787,9598,179.21,13.96,113.72
2023,November,Banjara Hills,96936,16366,252.39,27.73,198.26
2023,November,Jubilee Hills,78074,9211,111.65,16.8,115.41
2023,November,Dilsukhnagar,100493,9036,289.51,39.51,90.24
2023,November,Secunderabad,113321,7803,244.29,47.36,182.25
2023,November,Kondapur,59716,13795,223.57,34.96,106.8
2023,November,Manikonda,118921,8770,274.83,36.86,157.05
2023,November,Miyapur,141655,7835,106.5,31.79,130.88
2023,November,LB Nagar,65690,6909,196.84,7.86,132.75
2023,November,Tarnaka,55153,15481,299.37,24.37,98.04
2023,November,Uppal,78205,11967,138.25,32.69,110.86
2023,November,Attapur,74485,12379,169.46,16.94,152.91
2023,November,Rajendranagar,124554,19178,262.29,7.49,130.72
2023,November,Shamshabad,111245,7362,289.32,37.68,82.95
2023,December,Madhapur,123994,12013,259.29,29.62,147.49
2023,December,Gachibowli,112435,5356,224.4,29.3,162.44
2023,December,Ameerpet,136338,15833,171.96,23.26,195.57
2023,December,Begumpet,136799,10319,153.7,27.16,175.51
2023,December,Kukatpally,92495,9784,155.39,7.96,155.9
2023,December,Hitech City,134790,16392,177.73,24.97,183.7
2023,December,Mehdipatnam,111750,13728,129.05,28.59,194.44
2023,December,Banjara Hills,134294,7272,296.68,42.85,55.39
2023,December,Jubilee Hills,107378,9542,157.35,30.18,91.9
2023,December,Dilsukhnagar,88889,7276,110.47,40.23,176.83
2023,December,Secunderabad,92438,17106,201.7,15.48,176.8
2023,December,Kondapur,137937,14574,296.15,12.01,83.85
2023,December,Manikonda,76442,5028,258.51,13.41,60.0
2023,December,Miyapur,65764,16179,247.09,8.6,103.92
2023,December,LB Nagar,56372,12105,146.52,10.2,98.92
2023,December,Tarnaka,90473,18894,285.06,44.06,124.95
2023,December,Uppal,65210,5358,242.91,33.05,195.58
2023,December,Attapur,103412,14788,153.72,27.27,62.92
2023,December,Rajendranagar,91152,15866,148.14,38.46,162.54
2023,December,Shamshabad,96412,16108,217.13,5.38,164.15
2024,January,Madhapur,56861,13990,173.26,7.38,163.24
2024,January,Gachibowli,73524,12065,148.03,19.56,77.57
2024,January,Ameerpet,55622,6877,130.97,21.03,154.55
2024,January,Begumpet,129332,9086,184.05,30.29,50.88
2024,January,Kukatpally,130141,6079,276.25,8.5,156.02
2024,January,Hitech City,95687,6363,175.25,46.65,125.46
2024,January,Mehdipatnam,60514,19688,282.52,44.32,125.27
2024,January,Banjara Hills,56256,12258,243.8,17.91,87.48
2024,January,Jubilee Hills,128200,14599,135.44,36.28,142.44
2024,January,Dilsukhnagar,76205,14186,154.46,10.29,87.8
2024,January,Secunderabad,95532,7986,216.32,29.01,139.46
2024,January,Kondapur,51875,9543,261.42,28.55,67.51
2024,January,Manikonda,76986,9987,207.37,47.15,96.25
2024,January,Miyapur,66406,15394,252.82,16.15,55.45
2024,January,LB Nagar,93397,13625,245.7,13.99,105.69
2024,January,Tarnaka,138921,17231,245.09,10.1,110.95
2024,January,Uppal,63026,14321,253.43,48.77,92.88
2024,January,Attapur,70389,19603,211.17,36.48,111.8
2024,January,Rajendranagar,51587,15014,233.15,28.61,145.91
2024,January,Shamshabad,121319,5712,281.37,31.43,62.81
2024,February,Madhapur,73227,7433,251.27,40.74,124.19
2024,February,Gachibowli,61586,6079,153.53,23.48,184.79
2024,February,Ameerpet,120793,18733,237.14,43.65,63.32
2024,February,Begumpet,70369,17881,164.12,13.02,85.91
2024,February,Kukatpally,57833,7886,164.11,11.07,94.43
2024,February,Hitech City,128113,19711,188.37,20.6,161.97
2024,February,Mehdipatnam,120102,7196,251.36,19.94,161.67
2024,February,Banjara Hills,61345,14856,126.06,20.55,171.16
2024,February,Jubilee Hills,94484,16978,112.65,10.93,178.81
2024,February,Dilsukhnagar,79377,18647,152.21,44.41,162.85
2024,February,Secunderabad,75762,6834,203.4,28.83,110.13
2024,February,Kondapur,149612,7986,141.56,40.95,170.46
2024,February,Manikonda,87579,11574,156.71,17.77,122.34
2024,February,Miyapur,72553,16634,171.77,32.45,107.37
2024,February,LB Nagar,130720,5669,104.97,5.18,84.08
2024,February,Tarnaka,65893,18089,270.25,40.93,90.07
2024,February,Uppal,63266,11499,145.46,20.27,124.73
2024,February,Attapur,84815,19485,143.65,10.87,51.89
2024,February,Rajendranagar,58837,17925,148.73,26.09,138.7
2024,February,Shamshabad,50370,5486,265.52,24.25,139.41
2024,March,Madhapur,144937,7261,167.47,9.04,194.23
2024,March,Gachibowli,95853,5238,191.93,15.06,190.02
2024,March,Ameerpet,147175,14719,132.2,30.34,191.57
2024,March,Begumpet,116961,16004,147.62,47.23,75.66
2024,March,Kukatpally,149794,6224,214.04,43.78,121.57
2024,March,Hitech City,65401,17884,186.78,38.64,199.96
2024,March,Mehdipatnam,121492,18928,122.84,28.32,138.1
2024,March,Banjara Hills,120199,12062,292.58,12.9,76.63
2024,March,Jubilee Hills,75761,8262,193.04,7.84,139.73
2024,March,Dilsukhnagar,134667,9677,112.9,48.76,131.6
2024,March,Secunderabad,100617,9109,204.02,32.48,89.64
2024,March,Kondapur,92531,12727,202.27,41.3,57.48
2024,March,Manikonda,95771,16215,261.36,12.06,52.25
2024,March,Miyapur,145057,10641,110.95,20.98,122.29
2024,March,LB Nagar,139152,14998,163.19,37.82,181.21
2024,March,Tarnaka,144753,11523,272.38,30.39,111.54
2024,March,Uppal,92249,16957,124.99,9.79,153.25
2024,March,Attapur,148843,15974,299.64,13.46,72.21
2024,March,Rajendranagar,144049,7956,215.96,33.25,104.78
2024,March,Shamshabad,105612,7170,257.68,41.81,193.69
2024,April,Madhapur,130391,14108,212.97,13.08,64.96
2024,April,Gachibowli,82222,6936,233.31,41.34,126.3
2024,April,Ameerpet,53203,11499,286.5,43.68,156.47
2024,April,Begumpet,122918,8531,204.06,48.89,194.87
2024,April,Kukatpally,59969,8201,111.99,28.29,68.67
2024,April,Hitech City,80720,14972,157.98,43.38,108.14
2024,April,Mehdipatnam,106235,19855,287.03,21.35,108.54
2024,April,Banjara Hills,104437,14354,131.88,48.56,187.21
2024,April,Jubilee Hills,131720,19513,124.23,8.84,186.42
2024,April,Dilsukhnagar,137154,16934,183.26,25.2,139.85
2024,April,Secunderabad,131741,15947,145.35,46.92,186.26
2024,April,Kondapur,93516,10298,103.88,19.72,144.19
2024,April,Manikonda,106733,12320,281.92,33.53,60.79
2024,April,Miyapur,88677,8416,291.55,8.5,129.85
2024,April,LB Nagar,133990,18358,178.57,13.08,136.71
2024,April,Tarnaka,58859,14804,200.61,8.73,143.0
2024,April,Uppal,105989,15721,271.19,24.56,78.93
2024,April,Attapur,69551,7997,253.75,16.95,165.09
2024,April,Rajendranagar,117560,5329,164.34,25.95,191.48
2024,April,Shamshabad,117853,8621,121.26,42.89,122.43
2024,May,Madhapur,98380,12848,280.15,46.85,107.54
2024,May,Gachibowli,85233,16294,261.34,5.16,98.01
2024,May,Ameerpet,141549,16544,145.94,13.98,55.67
2024,May,Begumpet,50002,13130,253.05,21.03,91.11
2024,May,Kukatpally,121309,17786,175.44,45.65,60.45
2024,May,Hitech City,138031,18450,285.4,34.18,106.94
2024,May,Mehdipatnam,56791,12171,282.17,32.69,111.79
2024,May,Banjara Hills,59967,15452,270.1,44.5,132.41
2024,May,Jubilee Hills,138444,8144,176.45,17.68,158.3
2024,May,Dilsukhnagar,78261,13297,118.7,24.22,69.31
2024,May,Secunderabad,145954,12024,195.03,19.28,164.95
2024,May,Kondapur,125133,14173,161.13,31.68,130.65
2024,May,Manikonda,104639,12251,114.48,18.07,182.34
2024,May,Miyapur,100621,15892,242.18,48.8,168.59
2024,May,LB Nagar,129071,13234,189.35,5.32,172.91
2024,May,Tarnaka,147295,12631,182.73,18.18,106.26
2024,May,Uppal,50560,14522,163.81,48.6,189.96
2024,May,Attapur,71329,10374,184.37,36.11,185.42
2024,May,Rajendranagar,85645,10582,194.16,13.95,140.25
2024,May,Shamshabad,110645,5941,182.67,29.6,115.41
2024,June,Madhapur,114222,6725,265.58,39.71,55.82
2024,June,Gachibowli,77713,13853,207.32,47.07,175.24
2024,June,Ameerpet,72369,8414,275.48,6.81,170.72
2024,June,Begumpet,55295,9076,289.38,15.83,85.99
2024,June,Kukatpally,71605,17597,285.7,31.09,150.06
2024,June,Hitech City,122258,13201,169.12,32.97,55.82
2024,June,Mehdipatnam,71274,6648,173.74,36.05,108.08
2024,June,Banjara Hills,87134,6506,267.18,9.56,151.38
2024,June,Jubilee Hills,80628,14858,103.1,12.5,141.0
2024,June,Dilsukhnagar,139110,15518,104.21,6.64,185.38
2024,June,Secunderabad,61162,10938,278.84,15.27,161.0
2024,June,Kondapur,94433,10310,271.75,36.52,110.27
2024,June,Manikonda,86558,19250,246.54,32.76,50.44
2024,June,Miyapur,137794,16903,261.76,16.67,145.42
2024,June,LB Nagar,141500,11507,272.69,46.26,199.52
2024,June,Tarnaka,62516,18886,232.72,40.28,109.22
2024,June,Uppal,137359,12880,130.12,46.97,107.46
2024,June,Attapur,63663,9784,259.06,11.1,117.14
2024,June,Rajendranagar,145044,17676,160.54,26.05,90.92
2024,June,Shamshabad,135597,19769,277.57,25.48,133.39
2024,July,Madhapur,114857,6721,192.02,5.68,92.56
2024,July,Gachibowli,103517,6244,126.2,32.04,55.14
2024,July,Ameerpet,82161,17161,130.97,13.23,104.76
2024,July,Begumpet,63275,16798,224.63,8.35,125.55
2024,July,Kukatpally,84112,13515,214.8,33.68,133.51
2024,July,Hitech City,111264,14407,253.02,24.47,122.63
2024,July,Mehdipatnam,51403,6426,103.67,34.43,142.79
2024,July,Banjara Hills,59230,7825,117.16,9.09,188.48
2024,July,Jubilee Hills,89963,11720,125.42,21.05,138.87
2024,July,Dilsukhnagar,51789,8036,108.73,15.65,183.46
2024,July,Secunderabad,94135,9299,140.28,48.16,142.01
2024,July,Kondapur,108643,8406,113.4,6.27,86.71
2024,July,Manikonda,119103,9348,183.18,37.42,187.74
2024,July,Miyapur,137793,9394,138.26,28.27,186.21
2024,July,LB Nagar,147091,6774,113.17,36.17,135.78
2024,July,Tarnaka,148750,5108,124.5,29.03,181.92
2024,July,Uppal,136457,11361,196.4,8.17,91.72
2024,July,Attapur,106893,10105,289.02,17.72,119.13
2024,July,Rajendranagar,89749,13221,132.44,26.89,160.78
2024,July,Shamshabad,64648,5364,225.25,35.11,68.94
2024,August,Madhapur,76754,16042,126.51,39.86,89.72
2024,August,Gachibowli,133106,19094,250.76,14.86,116.46
2024,August,Ameerpet,115888,11943,253.99,9.68,194.35
2024,August,Begumpet,148421,5481,154.07,42.02,127.75
2024,August,Kukatpally,112222,11533,162.89,31.14,159.48
2024,August,Hitech City,108905,10329,225.84,36.47,156.67
2024,August,Mehdipatnam,118916,16959,126.41,39.03,91.39
2024,August,Banjara Hills,103260,15538,277.37,22.03,162.46
2024,August,Jubilee Hills,122914,18591,195.21,49.63,165.57
2024,August,Dilsukhnagar,128315,19691,200.29,15.51,111.43
2024,August,Secunderabad,119754,9803,145.62,46.5,138.89
2024,August,Kondapur,97096,8160,200.39,32.23,133.98
2024,August,Manikonda,118184,12313,200.99,12.94,171.91
2024,August,Miyapur,102726,10827,126.22,39.48,189.87
2024,August,LB Nagar,96193,17855,227.19,44.37,62.41
2024,August,Tarnaka,109056,8240,158.67,27.08,115.79
2024,August,Uppal,119918,19003,258.93,25.53,75.62
2024,August,Attapur,132215,15245,129.49,32.52,134.86
2024,August,Rajendranagar,97928,12952,287.54,46.05,191.91
2024,August,Shamshabad,67290,10499,160.46,45.28,195.81
2024,September,Madhapur,97176,12939,213.9,20.44,134.24
2024,September,Gachibowli,146160,19172,252.93,17.81,183.14
2024,September,Ameerpet,145899,7107,128.56,36.31,74.69
2024,September,Begumpet,129064,10006,293.62,40.08,53.37
2024,September,Kukatpally,57523,5625,239.08,42.15,58.4
2024,September,Hitech City,72694,8006,207.07,12.61,98.37
2024,September,Mehdipatnam,74312,19080,266.64,46.82,144.26
2024,September,Banjara Hills,123914,6597,150.81,49.2,197.45
2024,September,Jubilee Hills,134500,17428,257.13,19.66,172.55
2024,September,Dilsukhnagar,93205,9300,165.35,38.52,61.95
2024,September,Secunderabad,89770,14073,189.59,25.05,184.35
2024,September,Kondapur,128627,7335,228.32,6.05,114.53
2024,September,Manikonda,87361,8988,118.91,39.13,140.9
2024,September,Miyapur,50037,15264,110.72,11.32,143.38
2024,September,LB Nagar,84600,17856,208.98,17.76,192.26
2024,September,Tarnaka,121947,19404,292.37,29.63,59.64
2024,September,Uppal,115792,5671,217.54,45.31,147.98
2024,September,Attapur,148282,7460,293.25,41.07,144.56
2024,September,Rajendranagar,125117,9515,174.71,35.15,60.8
2024,September,Shamshabad,122322,18866,159.51,40.52,54.68
2024,October,Madhapur,82813,6193,205.32,18.65,104.39
2024,October,Gachibowli,124519,5636,294.53,32.31,67.99
2024,October,Ameerpet,61351,5712,149.2,28.94,122.35
2024,October,Begumpet,119180,12773,262.68,38.43,149.24
2024,October,Kukatpally,86382,14434,119.57,30.93,133.05
2024,October,Hitech City,119868,17002,203.7,20.85,85.11
2024,October,Mehdipatnam,79318,12939,153.7,34.44,130.04
2024,October,Banjara Hills,95167,17243,179.26,36.22,123.4
2024,October,Jubilee Hills,62780,12069,124.58,32.88,151.33
2024,October,Dilsukhnagar,132799,7162,211.34,34.06,52.03
2024,October,Secunderabad,51359,9431,296.98,8.42,151.82
2024,October,Kondapur,69116,12833,139.42,44.39,155.67
2024,October,Manikonda,134416,8499,208.12,43.23,122.02
2024,October,Miyapur,83957,18908,198.65,31.06,78.36
2024,October,LB Nagar,97482,6025,203.83,18.41,113.38
2024,October,Tarnaka,133768,15576,115.74,28.73,110.42
2024,October,Uppal,67682,9102,117.84,24.39,76.22
2024,October,Attapur,88737,7620,212.23,35.93,98.81
2024,October,Rajendranagar,103024,14677,295.17,17.88,113.57
2024,October,Shamshabad,147151,9092,136.63,31.52,134.0
2024,November,Madhapur,76548,7666,262.52,10.79,52.76
2024,November,Gachibowli,59834,8888,160.28,33.17,72.58
2024,November,Ameerpet,116101,11005,200.88,31.33,126.98
2024,November,Begumpet,54311,16446,114.24,9.03,115.07
2024,November,Kukatpally,132476,8019,203.23,18.72,153.19
2024,November,Hitech City,59386,9019,159.77,13.68,67.43
2024,November,Mehdipatnam,104079,15471,188.77,13.46,147.97
2024,November,Banjara Hills,115139,6074,210.86,28.72,160.13
2024,November,Jubilee Hills,82430,14193,233.16,17.88,119.02
2024,November,Dilsukhnagar,134153,17766,263.51,42.93,128.07
2024,November,Secunderabad,56610,15524,101.09,6.58,186.77
2024,November,Kondapur,60073,9483,190.14,38.91,193.35
2024,November,Manikonda,54482,14686,211.48,16.52,147.62
2024,November,Miyapur,57338,14950,207.28,24.67,90.18
2024,November,LB Nagar,54695,16530,274.27,49.95,141.16
2024,November,Tarnaka,102672,14971,145.04,16.57,121.92
2024,November,Uppal,90077,19379,174.69,22.26,175.49
2024,November,Attapur,54150,14522,222.83,20.04,172.69
2024,November,Rajendranagar,64021,10790,274.16,28.07,109.74
2024,November,Shamshabad,73244,18875,233.48,5.57,180.73
2024,December,Madhapur,149714,8770,168.59,11.22,115.92
2024,December,Gachibowli,116134,18932,180.73,35.54,113.13
2024,December,Ameerpet,145812,12287,219.86,41.34,66.4
2024,December,Begumpet,107813,19828,167.37,30.63,179.17
2024,December,Kukatpally,89220,5774,200.72,44.02,192.9
2024,December,Hitech City,108830,9019,201.27,48.72,91.44
2024,December,Mehdipatnam,57973,14697,145.05,35.67,88.04
2024,December,Banjara Hills,73039,6184,286.09,42.66,199.32
2024,December,Jubilee Hills,119110,8319,122.57,32.43,173.09
2024,December,Dilsukhnagar,106361,17299,249.67,40.28,98.69
2024,December,Secunderabad,96728,11249,212.07,37.79,103.23
2024,December,Kondapur,107730,14441,217.08,29.64,146.07
2024,December,Manikonda,132630,8695,116.93,10.37,83.69
2024,December,Miyapur,113690,9512,268.09,36.56,168.36
2024,December,LB Nagar,141207,14001,266.15,18.16,181.23
2024,December,Tarnaka,68157,8561,249.68,48.26,118.85
2024,December,Uppal,146741,13899,265.93,36.68,191.85
2024,December,Attapur,145385,9535,232.39,25.92,144.59
2024,December,Rajendranagar,109884,5632,137.73,27.86,129.29
2024,December,Shamshabad,60207,10591,105.71,33.39,102.44
